Yr;Nation;Face Value;MM;Var;Cost;Remarks
1909;USA;1 cent;S;;12,50;
1910;Estados Unidos;Cent;Philadelphia;;0,50;
1911;сша;Lincoln cent;Denver;;0,50;
1912;EEUU;1¢;San Francisco;;1,00;
1913;America;1 ct;-;;0,25;
1914;The United States;Wheat Cent;D;;5,00;
1915;USA;1 cent;s;;1,00;
1916;USA;Cent;Philadelphia;;1,00;
1917;USA;penny;denver;;1,00;
1918;Estados Unidos;Cent;SAN FRANCISCO;;1,00;
1919;USA;Cent;;;1,00;
1920;USA;Cent;D;;1,00;
1921;USA;Cent;S;;1,00;
1922;USA;Cent;Denver;;1,00;
1923;USA;Cent;;;1,00;
1924;USA;Cent;S;;1,00;
1925;USA;Cent;D;;1,00;
1926;USA;Cent;none;;1,00;
1927;USA;Cent;S;;1,00;
1928;USA;Cent;D;;1,00;
1929;USA;Cent;P;;1,00;
1930;USA;Cent;S;;1,00;
1931;USA;Cent;D;;1,00;
1932;USA;Cent;;;1,00;
1933;USA;Cent;D;;1,00;
1934;USA;Cent;No mint mark;;1,00;
1935;USA;Cent;S;;1,00;
1936;USA;Cent;D;;1,00;
1937;USA;Cent;-;;1,00;
1938;USA;Cent;S;;1,00;
1939;USA;Cent;D;;1,00;
1940;USA;Cent;;;1,00;
1941;USA;Cent;S;;1,00;
1942;USA;Cent;D;;1,00;
1943;USA;Cent;;Steel;1,00;
1944;USA;Cent;S;;1,00;
2003;Україна;25 копеек;;;0,10;
2024;Ukraine;10 грн;;State Special Transport Service;1,00;
2024;UKRAINE;10 Hryvnias;;Signal and Cyber Security Troops;1,00;
2025;Ukraine;10 hryvnias;;Unmanned Systems;1,00;
2022;Ukraine;10 гривень;;Territorial Defense;1,00;
1950;USA;Cent;S;;1,00;
2007;Ukraine;5 kopecks;;;0,10;
2016;Ukraine;10 kopiyky;;;0,10;
2020;Ukraine;50 kop;;Brass-plated steel;0,20;
2010;Ukraine;kopecks;;;0,10;
1955;USA;Cent;;;1,00;
2014;Ukraine;1 hryvnia;;Volodymyr the Great;0,50;
1957;USA;Cent;D;;1,00;
1958;USA;Cent;;;1,00;
1909;USA;1 cent;D;;1,00;
1960;USA;1 cent;;;1,00;
1930;Francia;1 cent;;;1,00;
1930;USA;5 cents;;;1,00;
;USA;1 cent;;;1,00;
1930;USA;;;;1,00;
1930;;1 cent;;;1,00;
1999;USA;1 cent;;;1,00;
1921;USA;1 cent;D;;1,00;
1933;USA;1 cent;S;;1,00;

1920;USA;Cent;;;1,00;
1921;USA;Cent;;;1,00;
1923;USA;Cent;S;;1,00;
1924;USA;Cent;D;;1,00;
1925;USA;Cent;;;1,00;
1926;USA;Cent;S;;1,00;
1927;USA;Cent;D;;1,00;
1928;USA;Cent;;;1,00;
1929;USA;Cent;D;;1,00;
1930;USA;Cent;;;1,00;
1909;USA;Cent;S;VDB;900,00;
1909;USA;Cent;;VDB;8,00;
1909;USA;Cent;Philadelphia;V.D.B.;8,00;
1922;USA;Cent;;No D;30,00;
1922;USA;Cent;;no-d;30,00;
1955;USA;Cent;;DDO;150,00;
1955;USA;Cent;;Double Die;150,00;
1955;USA;Cent;;Doubled Die Obverse;150,00;
1943;USA;Cent;D;Steel;1,00;
1943;USA;Cent;S;zinc;1,00;
1943;USA;Cent;;steel cent;1,00;
1909;USA;Cent;S;none;600,00;
1909;USA;Cent;;regular;2,00;
1955;USA;Cent;D;plain;1,00;
1950;USA;Cent;D;;1,00;
1951;USA;Cent;D;;1,00;
1952;USA;Cent;D;;1,00;
1953;USA;Cent;D;;1,00;
1954;USA;Cent;S;;1,00;
1944;USA;Cent;D;;1,00;
1945;USA;Cent;D;;1,00;
1946;USA;Cent;S;;1,00;
1947;USA;Cent;D;;1,00;
1948;USA;Cent;S;;1,00;
1949;USA;Cent;D;;1,00;
1937;USA;Cent;D;;1,00;
1938;USA;Cent;;;1,00;
1939;USA;Cent;S;;1,00;
1940;USA;Cent;D;;1,00;
1941;USA;Cent;D;;1,00;
