Year,Country,Denomination,Mint Mark,Variety,Price,Grade,Notes
1910,USA,Cent,,,0.50,VG,
1911,United States,Wheat penny,D,,1.00,F,
1912,U.S.A.,1 cent,S,,2.00,VF,
1913,us,one cent,-,,0.25,G,
1914,USA,1c,none,,5.00,G,"key date, nice"
1915,United States of America,Penny,No mint mark,,0.20,AG,
1916,usa,cent,d,,1.00,F,
1917,USA,Cent,s,,1.00,F,
1918,USA,Cent,P,,1.00,F,
1919,USA,Wheat Penny,D,,1.00,F,
1920,"USA",1 Cent,S,,1.00,F,
1921,USA,Cent,S,,12.00,VG,
1921,USA,Cent,,,1.00,VG,
1922,USA,Cent,D,,1.00,F,
1922,USA,Cent,,No D,30.00,F,
1923,USA,Cent,,,1.00,F,
1923,USA,Cent,S,,1.00,F,
1924,USA,Cent,D,,1.00,F,
1925,USA,Cent,S,,1.00,"G ""4""",
1926,USA,Cent,D,,1.00,F,
1927,USA,Cent,S,,1.00,F,
1928,USA,Cent,D,,1.00,F,
1929,USA,Cent,S,,1.00,F,
1930,USA,Cent,D,,1.00,F,
1931,USA,Cent,S,,1.00,F,
1932,USA,Cent,D,,1.00,F,
1933,USA,Cent,D,,1.00,F,
2001,Україна,1 hryvnia,,,0.50,UNC,
2002,UKRAINE,1 Hryvnia,,,0.50,UNC,
1996,Україна,1 hryvnia,,,3.00,VF,
2020,Ukraina,10 грн,,,0.40,UNC,
2021,Ucrania,10 гривень,,,0.40,UNC,
2022,Ukraine,10 Hryvnias,,,0.40,UNC,
2023,Ukraine,10 грн,,Antonivskyi Bridge,1.00,UNC,
2023,Україна,10 hryvnias,,Air Defense: A Reliable Shield of Ukraine,1.00,UNC,
2024,Ukraine,10 hryvnias,,Medical Forces of the Armed Forces of Ukraine,1.00,UNC,
1943,USA,Cent,,Steel,1.00,F,
1943,USA,Cent,D,Steel,1.00,F,
1943,USA,Cent,S,steel,1.00,F,
2025,Ukraine,10 Hryvnias,,National Guard of Ukraine,1.00,UNC,
2025,Ukraine,10 hryvnias,,Donetsk Oblast,1.00,UNC,
2026,Ukraine,10 hryvnias,,Kharkiv Oblast,1.00,UNC,
2026,Ukraine,10 hryvnias,,,1.00,UNC,
2006,Ukraine,2 kopecks,,,0.10,F,
2008,UKRAINE,25 копеек,,,0.10,F,
2009,Ukraine,50 kop,,,0.10,F,
2010,Україна,kopiyky,,,0.10,F,
2012,Ukraine,kopecks,,,0.10,F,
1992,Ukraine,25 kopecks,,,0.50,F,
2014,Ukraine,25 kop,,Brass-plated steel,0.20,F,
1955,USA,Cent,,DDO,150.00,F,
1955,USA,Cent,,,1.00,F,
2014,Ukraine,25 kop,,,0.20,F,
2018,Ukraine,50 kopecks,,,0.20,F,
2018,Ukraine,hryvnias,,,0.50,F,
1909,USA,Cent,S,VDB,900.00,VG,
1909,USA,Cent,S,,600.00,VG,
1909,USA,Cent,,VDB,8.00,F,
1909,USA,Cent,,,2.00,F,
1909,USA,Cent,,V.D.B.,8.00,F,
1910,USA,Cent,S,,2.00,F,
1911,USA,Cent,,,0.50,F,
1909,USA,Cent,S,VDB,900.00,VG,duplicate row
1914,USA,Cent,D,,200.00,G,
1909,USA,Cent,D,,3.00,G,
1921,USA,Cent,D,,3.00,G,
1932,USA,Cent,S,,3.00,G,
1933,USA,Cent,S,,3.00,G,
1956,USA,Cent,S,,3.00,G,
1960,USA,Cent,D,,0.10,F,
1999,USA,Cent,,,0.01,MS,
1908,USA,Cent,,,0.01,MS,
1915,Canada,Cent,,,0.10,F,
1915,USA,Dime,,,0.10,F,
,USA,Cent,,,0.10,F,missing year
abcd,USA,Cent,,,0.10,F,
1920,,Cent,D,,0.10,F,
1920,USA,,D,,0.10,F,
1990,Ukraine,10 Hryvnias,,,5.00,MS,
1910,USA,Cent,Z,,0.10,F,
1910,USA,Cent,Xyzzy,,0.10,F,
2023,Ukraine,hryvnias,,,0.30,F,
2022,Ukraine,5 hryvnias,,,0.30,F,
2021,Ukraine,2 hryvnias,,,0.30,F,
2019,Ukraine,1 hryvnia,,,0.30,F,
2015,Ukraine,1 hryvnia,,,0.30,F,
2015,Ukraine,1 hryvnia,,70th Anniversary of Victory in WWII,0.30,F,
2005,Ukraine,1 hryvnia,,60th Anniversary of Victory in WWII,0.30,F,
2012,Ukraine,1 hryvnia,,UEFA Euro 2012 Final Tournament,0.30,F,
2004,Ukraine,1 hryvnia,,Volodymyr the Great,0.30,F,

1944,USA,Cent,,,0.30,F,
1945,USA,Cent,,,0.30,F,
1946,USA,Cent,,,0.30,F,
1947,USA,Cent,,,0.30,F,
1948,USA,Cent,,,0.30,F,
1949,USA,Cent,,,0.30,F,
1950,USA,Cent,,,0.30,F,
1951,USA,Cent,,,0.30,F,
1952,USA,Cent,,,0.30,F,
1953,USA,Cent,,,0.30,F,
