Coin	Country	Denomination	Qty	Notes
1909-S VDB	United States	Wheat penny	1	"first, second"
1909-S	USA	Cent	1
1909 VDB	USA	Cent	1
1909	USA	Cent	2
1909 S VDB	U.S.A.	1 cent	1
1910	USA	1c	1
1910-S	USA	Cent	1
1911	us	Cent	1
1911-D	USA	Penny	1
1911-S	USA	Cent	1
1912	USA	Cent	1
1912-D	USA	Cent	1
1912 S	USA	Cent	1
1913	USA	Cent	1
1913-D	USA	Cent	1
1913-S	USA	Cent	1
1914	USA	Cent	1
1914-D	USA	Cent	1
1914-S	USA	Cent	1
1915	USA	Cent	1
1915-D	USA	Cent	1
1915-S	USA	Cent	1
1916	USA	Cent	1
1916 D	USA	Cent	1
1916-S	USA	Cent	1
1917	USA	Cent	1
1917-D	USA	Cent	1
1917-S	USA	Cent	1
1918	USA	Cent	1
1918-D	USA	Cent	1
1918-S	USA	Cent	1
1919	USA	Cent	1
1919-D	USA	Cent	1
1919-S	USA	Cent	1
1920	USA	Cent	1
1920-D	USA	Cent	1
1920-S	USA	Cent	1
1921	USA	Cent	1
1921-S	USA	Cent	1
1922-D	USA	Cent	1
1922 No D	USA	Cent	1
1923	USA	Cent	1
1923-S	USA	Cent	1
1924-D	USA	Cent	1
1924-S	USA	Cent	1
1943-D Steel	USA	Cent	1
1943 steel cent	USA	Cent	1
1943-S Steel	USA	Cent	1
1955 DDO	USA	Cent	1
1955 Doubled Die	USA	Cent	1
1955	USA	Cent	1
1955-D	USA	Cent	1
1955-S	USA	Cent	1
1956-D	USA	Cent	1
1957	USA	Cent	1
1957-D	USA	Cent	1
1958	USA	Cent	1
1958-D	USA	Cent	1
1909-D	USA	Cent	1
1921-D	USA	Cent	1
1932-S	USA	Cent	1
1933-S	USA	Cent	1
1956-S	USA	Cent	1
1960	USA	Cent	1
1908-S	USA	Cent	1
VDB	USA	Cent	1
1915	Canada	Cent	1
1915	USA	Dime	1
1930	Ukraine	Cent	1
1990	Ukraine	10 Hryvnias	1
	USA	Cent	1	no year
1925	USA	Cent	1	"mint, uncirculated"
1925–D	USA	Cent	1
1925-S	USA	Cent	1
1926	USA	Cent	1
1926 d	USA	Cent	1
1926-S	USA	Cent	1
1927	USA	Cent	1
1927–D	USA	Cent	1
1927-S	USA	Cent	1
1928	USA	Cent	1
1928-D	USA	Cent	1
1928-S	USA	Cent	1
1929	USA	Cent	1
1929–D	USA	Cent	1
1929-S	USA	Cent	1
1930	USA	Cent	1
1930-D	USA	Cent	1
1930-S	USA	Cent	1
1931	USA	Cent	1
1931-D	USA	Cent	1
1931-S	USA	Cent	1
1932	USA	Cent	1
1932-D	USA	Cent	1
1933	USA	Cent	1
1933-D	USA	Cent	1
1934	USA	Cent	1
1934-D	USA	Cent	1
1935	USA	Cent	1
1935-D	USA	Cent	1
1935-S	USA	Cent	1

